ID,Lat_Metro,Lon_Metro,Metro,Avg Temp 1990,Avg Temp 2014,Pop_Metro_2015,CO2 1975,CO2 1990,CO2 2000,CO2 2012,PM2.5 2000,PM2.5 2005,PM 2.5 2010,PM2.5 2014,Heat Wave Index
793,41.07998585,-81.49865296,Akron ,10.30400062,10.3007915,238681.9117,2275947.321,1945188.944,1742962.7,1539446.485,18.20776,15.15792,11.50314,11.8445,10.57929993
196,35.12903763,-106.629162,Albuquerque ,10.68446422,11.74142146,685933.7471,4360883.874,3720008.117,3800903.991,3259877.555,8.652916,8.211202,6.974018,6.863455,10.98079967
820,40.70159673,-80.28930264,Aliquippa ,10.53756833,10.50594521,55815.09656,773241.2981,1168197.953,1436630.587,1225229.793,18.4268,15.2014,11.96494,12.4277,10.32960033
913,40.63786583,-75.4101489,Allentown-Bethlehem ,10.60561085,10.79755092,465504.4421,3208084.196,3069514.738,3337062.732,3210219.936,16.4446,13.48724,10.715188,10.886645,7.854040146
260,35.18505829,-101.8644514,Amarillo ,14.21828938,15.45939684,163844.6382,452641.0587,397976.2403,424404.8335,392055.0586,8.61922,7.171698,6.126652,6.33744,5.781720161
481,42.02793996,-93.63106975,Ames ,9.429380178,9.599559784,53702.68432,179696.8797,167281.3527,177903.176,155829.7671,14.30538,11.87084,9.771628,10.510405,6.746399879
183,61.19923392,-149.8314747,Anchorage ,2.076172382,2.990822196,123089.786,377977.8228,334426.3583,382393.3222,349161.7627,5.862218,5.384438,4.634226,8.12634,9.129659653
764,42.23505105,-83.61530057,Ann Arbor ,10.10732865,10.1181035,67985.37723,266343.6369,284871.0264,276771.4028,219090.7003,18.18144,14.12564,11.52178,12.10735,8.423080444
763,42.26373717,-83.75394402,Ann Arbor ,10.10732865,10.1181035,81129.28285,533882.3893,459656.2697,489124.0491,419080.6823,17.76348,13.68856,11.23904,11.9247,7.615210056
26,37.98543292,-121.7975158,Antioch ,13.94401574,15.12280512,268055.6356,917483.2782,1520793.539,1767998.945,1314719.257,14.57472,11.20332,10.920336,12.25195,7.754580021
694,44.24510788,-88.40876539,Appleton ,7.357230783,7.758138061,199014.3697,1235087.369,1124278.491,1306775.883,1151153.472,14.29736,10.648656,9.28785,9.966655,7.346489906
559,33.84096954,-84.30090571,Atlanta ,17.14769793,17.22755289,1516952.499,12726624.75,12290679.71,14599934.15,12508803.31,19.79446,13.3116,10.70848,10.28025,18.74349976
918,39.32541544,-74.50015471,Atlantic ,13.0604043,13.40947008,65800.5787,142954.3006,129737.7288,140474.8002,118321.13,16.6073,13.02404,10.001302,9.61542,5.899370193
273,30.37163753,-97.73513149,Austin ,20.25407124,20.95482636,1063620.667,4417962.777,4107195.344,5003949.553,4174130.503,15.14392,10.114128,8.038374,8.593885,15.35470009
29,35.36381044,-119.0475354,Bakersfield ,17.97289371,19.10495472,533318.4537,3324191.095,3342471.181,3438174.395,2668842.282,16.6687,14.38446,12.76312,15.1119,4.478769779
880,39.31155264,-76.61148208,Baltimore ,13.35398746,13.17422318,1360858.298,15272624.37,13155469.29,11592406.32,9739341.257,19.01532,15.00314,11.72638,11.43635,6.844810009
448,35.18355843,-89.80999032,Bartlett ,16.53145075,16.69794965,145699.6191,381041.0169,345087.3786,482335.0083,439260.6968,16.80672,12.1371,10.17856,10.80425,17.65940094
397,30.43326952,-91.10127215,Baton Rouge ,20.25940323,20.75579023,270758.8464,7692179.905,11039201.13,10239254.39,5451820.644,18.20844,13.25904,10.246752,10.63165,23.91959953
342,30.07653098,-94.12750487,Beaumont ,20.1888237,20.7543416,90254.82496,1395407.669,1308544.507,1352458.771,952134.5746,16.59568,11.8752,9.096716,10.047325,24.71150017
491,38.52952242,-89.99408903,Belleville ,13.85541487,14.03151345,58965.57457,339401.3869,255776.8911,255476.6288,216829.7085,17.60976,11.88398,10.034848,11.2596,26.03779984
190,48.75706462,-122.4845974,Bellingham ,9.456313133,10.09080839,72912.47575,201105.3245,180953.8358,230028.3692,209387.9028,7.674412,6.63672,6.337876,6.865475,6.533850193
337,45.77660028,-108.5582377,Billings ,7.857111454,8.362539172,74175.44915,292978.2847,260656.8385,260133.1855,228373.3149,7.883456,7.884814,6.64168,7.25339,11.41940022
937,42.10711766,-75.9258854,Binghamton ,8.901338577,8.983644009,54087.53024,104067.5978,107490.79,110051.8282,73283.15936,14.10826,11.81324,9.471458,9.730155,9.270850182
486,33.50902518,-86.82365065,Birmingham ,17.06690979,17.49764442,196387.767,2202561.192,1989846.723,1714411.25,1858031.765,19.38254,13.8868,10.625714,10.3269,20.21800041
439,46.81803771,-100.7805233,Bismarck ,5.97829628,5.633733869,52468.21878,239994.3911,328905.3586,386401.4327,143272.3924,8.764356,7.440536,6.643044,7.52493,8.325110435
627,39.15946729,-86.53489005,Bloomington ,12.11910319,12.32019329,74426.38234,259462.5416,217223.2617,213033.6257,189620.6568,18.43492,13.34522,11.213,11.24355,15.32110023
576,40.4934032,-88.97138438,Bloomington ,11.32429266,11.59443951,117343.5585,215132.9246,194202.6387,220552.1196,202558.1103,18.81676,12.67302,11.070062,11.8724,7.098720074
171,43.61850498,-116.3044203,Boise City ,9.390797853,10.57361579,345842.6153,880480.1898,794643.4334,1136203.838,1028683.777,9.33479,9.469388,8.470222,9.350495,6.715060234
1022,42.38499617,-71.06303941,Boston ,10.30256605,10.7555151,2063274.183,24637639.3,22116676.64,23176358.33,21858037.97,12.76518,10.7339,8.771842,9.085375,4.048449993
277,40.01689251,-105.2539294,Boulder ,7.581793785,8.074903607,91059.98134,275301.9277,235608.7955,255730.6821,227843.0808,10.4439,9.843188,8.984944,9.152415,6.469749928
203,40.8774433,-111.89161,Bountiful ,7.054017305,8.083596945,73449.68607,240616.2173,233130.1799,247507.6426,190641.7277,9.876978,10.5448,9.15092,8.82003,10.91250038
949,40.190507,-74.06474079,Brickship ,12.46304631,12.76931119,376000.7062,2642713.403,2248541.808,2396263.341,2068362.682,17.39022,13.65546,10.580028,10.68252,6.091619968
972,41.23347258,-73.05220162,Bridgeport,10.86513996,11.40249133,541498.6745,3001693.498,2757543.617,2970235.888,3151646.223,15.06422,12.36244,9.802056,10.464335,7.366010189
1023,42.0900036,-71.02633922,Brockton ,10.30256605,10.7555151,92696.08043,450511.3663,383960.2475,369931.7065,333645.5599,12.06134,10.105154,8.099384,8.50391,4.591469765
246,25.93178203,-97.48193727,Brownsville ,23.65034819,23.63418961,152649.0179,370976.4506,337507.6119,464434.7937,426337.499,14.02636,9.645032,8.130324,9.444515,6.080840111
890,42.9237412,-78.81130882,Buffalo ,8.794063807,9.090383291,615835.9218,9772111.324,9625372.489,9312949.12,5282788.675,14.9821,12.28924,9.591696,10.30295,10.84090042
11,34.22938861,-119.0329294,Camarillo ,16.23272729,17.05357695,65878.92697,115564.4478,100967.6019,108510.4195,101046.8872,17.5371,15.22172,13.71648,15.5254,0
507,26.60188796,-81.92179526,Cape Coral ,23.933846,24.32698441,260980.0628,604581.6828,553674.3956,675995.9744,629095.4032,12.08558,9.135466,6.881682,6.96856,11.04059982
768,35.79585205,-78.81280832,Cary ,15.82902646,16.0485177,101641.6989,154975.2963,159274.8388,256840.2049,238099.5503,17.17908,12.82246,10.11554,8.80979,6.735589981
518,41.99338762,-91.66268216,Cedar Rapids ,10.25229144,10.46697307,148181.0608,509758.2909,443252.4266,462580.3763,444041.8171,16.80646,12.9824,10.999922,12.21745,6.058869839
588,40.11001798,-88.24896826,Champaign ,11.35226727,11.47554684,131654.1423,399310.1639,343941.1092,331417.4485,291317.242,18.88758,12.35984,10.94224,11.518,15.69390011
698,32.86565119,-79.98865943,Charleston ,19.09815121,19.38578939,100422.0249,357473.6806,317959.8767,305532.5487,286383.222,17.53404,12.44684,9.634996,8.783675,8.662119865
707,35.19478888,-80.8479022,Charlotte ,16.35830283,16.56829786,370497.0553,4222924.545,5095555.587,6037405.883,4228945.445,19.05508,13.12654,10.58084,9.521135,5.680620193
484,38.60633443,-90.53697973,Chesterfield ,13.5094142,13.77023435,100875.7448,455217.4759,388235.7,401690.3565,367647.1701,16.26838,11.132204,9.408748,10.50968,27.7961998
312,41.14388031,-104.799819,Cheyenne ,7.681073666,8.395027041,57963.84784,264914.9745,255884.5123,272374.0467,221336.6232,7.5523,6.4518,5.5323,5.837625,7.818349838
634,41.79396274,-87.82253727,Chicago ,10.22556663,10.44071722,6779775.294,93164678.42,82876182.34,82311959.48,65460184.72,18.36028,13.42546,11.93376,12.54255,5.792150021
58,39.7456477,-121.8371626,Chico ,15.13679934,16.17119193,85126.8354,334240.1939,286543.8069,307270.362,275279.5743,11.79311,10.02879,10.106134,10.82488,6.804830074
681,39.2369108,-84.46200196,Cincinnati ,12.19838429,12.43175149,764046.6174,8606238.899,6774873.093,6306984.372,5309938.138,18.77534,14.68338,12.3019,12.8798,10.49839973
790,41.47505094,-81.64622338,Cleveland ,10.21175623,10.2801578,1188874.549,17115431.48,16285626.96,15637508.08,12382651.71,19.54878,15.95676,12.60308,12.686,11.08679962
318,30.62449294,-96.33227462,College Statio ,20.18589306,20.83976984,146758.2115,504618.0343,433243.6184,468977.3534,421116.1226,15.73766,10.8395,7.954266,8.86761,36.67950058
265,38.86368844,-104.7760317,Colorado Springs ,9.605670691,10.36757088,396290.1245,2994216.926,3243011.994,3837953.618,2082876.774,10.177216,8.937694,7.857632,7.739915,15.91709995
877,39.20059963,-76.82144827,Columbia ,13.35398746,13.17422318,105619.3399,572479.0212,514799.7714,621823.9631,559933.6214,18.7354,14.76088,11.39182,11.1444,5.990019798
686,33.99583445,-81.00894634,"Columbia, South Carolina ",17.90881157,18.31964159,148682.8329,606820.2378,529255.2417,503617.8375,468840.7071,20.29946,14.51318,11.65888,10.60025,6.695429802
729,40.0147868,-82.99973942,Columbus,10.57155752,10.69221854,1138151.475,10302875.09,8884251.532,8780882.242,7403380.315,18.55958,15.61564,12.61064,13.06525,9.595950127
18,37.91394614,-122.0483181,Concord ,14.36730981,15.53486609,661553.5774,5232750.436,5862004.939,5813013.619,3938555.29,12.40823,9.917736,9.838932,10.71603,7.754580021
253,27.74286947,-97.40416723,Corpus Christi ,22.38120365,22.89654064,225223.0592,1258590.356,1203833.367,1215517.998,980750.4275,13.320098,8.644316,6.791826,7.35278,14.9744997
652,42.19299625,-88.31451645,Crystal Lake ,9.154064298,9.189346671,141451.4276,228027.8352,207251.8846,328080.8003,296967.1641,17.20728,12.32,11.32076,11.972,5.736989975
856,38.6522132,-77.3140471,Dale ,14.64114547,14.69545531,195201.0748,720056.2176,624976.7212,769736.0289,688803.1601,17.75576,14.43984,10.78258,10.85419,8.187800407
323,32.8573485,-96.96526227,Dallas,18.48534775,19.27159834,5165561.23,39174644.28,35224550.66,40179364.14,33572785.14,15.81682,11.4509,9.357422,10.3632,11.64579964
541,41.5177227,-90.52810113,Davenport ,10.19542694,10.30153298,226544.4095,1478404.383,1294055.197,1253353.154,1135967.341,16.38442,12.3904,11.05544,12.02875,5.562200069
40,38.55275921,-121.7396426,Davis ,15.95614338,17.08643341,72657.0899,111750.6574,97772.79562,119451.1638,108403.9879,14.12032,10.71736,10.710562,12.5286,6.958010197
702,39.70681987,-84.1833407,Dayton ,11.61927891,11.77290368,341120.0201,4096112.481,3690992.833,3424163.398,2649417.641,18.11108,14.85046,12.08728,13.04855,8.353300095
606,29.20649429,-81.03350376,Daytona Beach-Port Orange ,22.22665215,22.63102102,172929.9927,833001.0398,717446.6226,714142.0651,636858.2721,15.79268,10.63382,8.338946,7.84718,46.22370148
583,28.90290397,-81.26551487,Deltona ,22.5880785,23.00020027,66132.41221,1144757.753,955840.538,1665173.321,1897922.706,16.61824,11.497904,8.906752,8.36412,22.78890038
333,33.18885504,-97.10710943,Denton ,18.12851429,18.8282814,145076.4743,190991.7564,171261.7024,209554.9123,197782.5856,16.66744,12.39138,10.233048,11.37335,11.64579964
272,39.72837393,-104.9803877,Denver,9.310184956,9.789418697,2229499.864,19655770.26,18002360.87,20523139.84,17372973.02,10.3554,9.475478,8.72413,8.753875,13.40799999
474,41.60050713,-93.68455903,Des Moines ,10.14791846,10.30936503,338848.0597,1503454.011,1337878.223,1412211.51,1272739.5,14.22176,11.67708,9.90174,10.21617,11.59799957
770,42.43812719,-83.15206612,Detroit ,9.990496159,10.01090527,3288131.603,59077336.49,47463848.27,45154481.84,36342871.16,18.2572,14.09286,11.81886,12.3398,8.886159897
578,42.50416997,-90.69490585,Dubuque ,8.630706072,8.857549787,53853.44525,135006.2528,235473.0089,273680.7091,169419.1072,16.02556,12.29888,10.67162,11.512,5.87375021
668,46.75089839,-92.10353597,Duluth ,5.011855483,5.476631224,61223.45871,646683.3276,756845.1385,791118.0982,724357.2611,10.303512,9.1553,7.823218,8.288245,4.520040035
772,35.99882543,-78.90339529,Durham ,15.82902646,16.0485177,60840.37531,133445.8045,117909.17,139065.7182,128493.9645,17.48002,13.24502,10.435724,9.24631,6.735589981
553,44.76618067,-93.22505677,Eagan ,7.756552696,8.145532727,242773.3956,1698186.179,1953635.019,2550943.394,2167106.385,13.98442,11.559788,9.564102,10.36085,6.776239872
508,26.12867511,-81.77611749,East Naples ,24.45595264,24.83378315,62098.4883,165324.715,151903.8893,234158.253,215576.9466,11.92887,9.238622,7.062206,7.03563,0
356,35.64389225,-97.48387842,Edmond ,16.26104212,16.98899078,80983.21809,194164.0352,178752.4813,241432.2938,221708.7253,13.20578,10.650158,9.002704,9.603325,14.36050034
648,42.0285433,-88.29317955,Elgin ,9.154064298,9.189346671,133327.3041,408257.5236,366506.8059,455048.7733,410624.3842,17.80848,12.71302,11.7172,12.35,5.736989975
700,41.68528643,-85.96341123,Elkhart ,10.52687979,10.40522742,73711.86137,295262.3808,258371.9915,285247.2534,256896.0725,17.87396,14.596,11.84006,12.38725,5.644800186
846,42.10918134,-80.08950989,Erie ,9.443849087,9.63749671,144602.835,711950.9697,601077.7866,527198.3584,474147.6692,17.8089,14.52514,11.31428,11.4625,12.28219986
82,44.06551711,-123.082982,Eugene ,11.67971635,12.42174125,219332.8249,1110088.677,959219.1049,1061164.695,941553.6975,7.002662,6.505492,6.51381,6.401605,4.539030075
545,37.981265,-87.52636176,Evansville ,14.02167511,14.4369247,114771.338,535968.4508,516523.5702,512440.7195,452912.2539,19.95014,14.47062,11.98438,12.4383,23.05990028
27,38.2640129,-122.0302527,Fairfield ,14.24008513,15.37228203,93335.49432,310324.8984,266097.3697,299289.7973,267972.0784,12.93462,10.22965,10.05375,11.28725,4.986030102
871,39.06294736,-76.96148801,Fairland ,13.35398746,13.17422318,59037.44739,493481.9491,423622.9309,414883.1705,351709.1006,17.94778,14.32786,10.882594,10.6331,5.990019798
1016,41.71520662,-71.15543632,Fall River ,10.71586561,11.26427174,109745.1012,366154.0357,319057.8515,307810.0073,283595.3506,12.77328,10.716316,8.36784,8.88717,7.766990185
510,46.85830198,-96.82250124,Fargo ,5.74354136,5.979493022,174773.7529,682751.1734,615484.5508,761017.4403,704337.9048,10.396936,9.075776,7.552258,8.328065,6.677380085
752,35.04444052,-78.94307093,Fayetteville ,16.33233118,16.65567017,115034.6952,946551.0091,802639.1107,750329.6484,680206.6512,19.1966,13.88302,10.85596,9.5021,7.707759857
401,36.18295125,-94.14653663,Fayetteville-Springdale ,14.87956548,15.47655344,61738.2986,110007.696,103393.2115,155310.4969,143919.9083,14.90462,11.36762,9.484006,10.14145,23.60680008
685,39.22374957,-84.56453552,Finneytown ,12.26328754,12.4599762,88993.04378,1046156.418,879251.8674,769174.1749,634197.4524,16.36656,12.54954,10.319126,10.756675,10.49839973
777,43.01117058,-83.70208926,Flint ,8.804896832,8.921533942,144648.6952,1231360.595,1051322.218,877165.1593,802162.1556,15.9356,12.45134,10.38655,10.66961,7.354100227
679,39.00373335,-84.62521719,Florence ,12.26328754,12.4599762,102684.9922,553343.0846,546284.9622,603175.5474,546119.3017,17.22872,13.04776,10.65176,11.162935,10.49839973
149,31.89387436,-106.422866,Fort Bliss ,17.73147869,18.94713831,92350.12523,360981.8247,243796.5349,210338.688,150820.1607,9.740706,9.036714,7.921538,8.843705,11.90060043
295,40.55305944,-105.0727113,Fort Collins ,6.846433759,7.421238303,130166.5482,470013.2549,410696.0095,536276.7164,483885.0599,10.528586,9.57934,8.861516,8.912375,10.92959976
395,35.35886988,-94.3958584,Fort Smith ,16.05169058,16.76185107,75871.47508,147615.3855,131413.7757,142029.0913,133667.4761,16.60504,12.78398,10.613332,11.34175,21.7621994
709,41.09405071,-85.10826022,Fort Wayne ,10.55536675,10.43110633,202795.9841,1473624.313,1258166.455,1195641.324,1050401.178,18.26434,15.29854,12.46194,12.78835,7.020820141
1018,42.29704043,-71.4046644,Framingham ,10.30256605,10.7555151,74990.86945,203804.8523,178179.3928,186825.598,168474.1883,13.53468,11.19928,9.110512,9.66344,4.473420143
867,39.41636181,-77.42258287,Frederick ,13.20831347,13.13925672,87718.91858,187478.1535,172577.4282,210493.4896,194789.6502,18.30554,15.08308,11.77236,11.304,7.350299835
46,36.78757662,-119.7705095,Fresno ,17.81812143,18.90532923,652855.9733,4418893.677,3809006.317,4070041.367,3432841.139,21.9559,16.47764,15.1556,19.44245,10.47669983
229,39.08509017,-108.5256881,Grand Junction ,9.310012102,9.917217731,82907.07022,142741.7791,121965.4638,132685.3498,119658.5405,9.315598,9.344196,8.73284,8.751135,12.96510029
725,42.92003525,-85.67070265,Grand Rapids ,9.293088436,9.560198069,387107.4497,3196886.96,2744314.659,2735428.861,2393460.165,15.15898,12.3426,10.207316,10.743625,6.491499901
299,40.40697815,-104.7192042,Greeley ,10.315516,10.79988694,112729.3136,96895.00611,83347.01865,105416.1944,99505.34425,9.49667,8.51486,7.756804,7.944165,7.831280231
711,44.49016486,-88.03429356,Green Bay ,7.357230783,7.758138061,166433.1691,1007906.628,1080868.525,1382973.056,1114246.722,13.7505,10.579172,9.198472,9.698315,7.445750237
742,36.06996335,-79.84098304,Greensboro ,15.12003613,15.31133246,167975.0284,1003576.235,895492.1936,996985.4314,911469.0919,17.64756,12.88912,10.001884,8.689865,8.541000366
802,35.58875777,-77.36675601,Greenville ,15.84208512,16.27441216,60423.32658,74282.6742,64411.66084,82927.77381,76944.56143,18.50892,13.0747,9.89935,8.751475,7.471600056
410,30.40471076,-88.94758812,Gulfport ,20.25887823,20.72816992,67069.43573,542252.9912,841333.9019,1064013.984,663295.4681,16.42948,11.95044,9.573766,9.345305,8.932419777
862,39.64151777,-77.7314439,Hagerstown ,11.8391459,11.87797856,59345.54544,277040.7136,248774.3744,260146.0133,243052.335,17.18766,14.04372,10.96448,10.93835,7.350299835
38,36.33719196,-119.6524538,Hanford ,16.93942976,17.79794502,52276.76193,68286.30822,59739.04624,76154.4318,72577.00248,20.27864,14.94856,13.58346,17.99015,8.047430038
886,40.26000553,-76.89204879,Harrisburg ,11.32028604,11.34611154,236655.5345,2009106.391,1757181.791,1729739.764,1540212.534,17.76008,13.8546,11.16494,11.5652,6.721119881
997,41.72777813,-72.70929727,Hartford ,10.46565771,10.90765047,313698.5459,3104837.01,2649719.747,2324162.206,1992250.482,13.82386,11.4413,9.366868,10.038755,6.600860119
50,33.75498127,-116.9619559,Hemet ,13.61543274,14.57306814,155147.2377,456701.0988,386895.557,432053.9274,412119.647,13.8581,12.76708,11.1972,11.5835,6.580649853
717,42.7989619,-86.07825345,Holland ,9.433762789,9.608532429,60812.62209,120221.5272,137428.9947,170972.6113,165131.1238,15.91278,12.73776,10.622636,10.81972,14.85509968
548,25.48738057,-80.44214857,Homestead ,25.21404123,25.58113003,129554.6062,246752.1786,212390.7946,241488.2358,218367.1771,11.745656,8.91526,6.922258,7.05564,28.67110062
1,21.34067769,-157.8934967,Honolulu ,23.4560318,23.5266223,512853.6667,5247006.262,3487001.783,2901707.103,2018231.877,7.237346,6.15893,5.563796,5.765125,0
396,29.59322886,-90.72141179,Houma ,20.28885508,20.84375858,54570.6965,78669.83085,61418.65807,66003.30599,61755.45307,17.02962,12.60806,10.119644,10.1452,11.05720043
315,29.78137075,-95.40836967,Houston ,20.69648314,21.19856071,4873719.74,45957923.42,52311698.57,55374870.29,40878929.78,17.06226,11.71976,8.876372,9.49125,51.10409927
502,34.72606498,-86.60999497,Huntsville ,15.95290709,16.32188892,86467.06209,369450.7624,319425.3418,291303.7716,266430.3409,19.48592,14.15508,11.39438,10.86525,26.78790092
242,43.48928461,-112.0099064,Idaho Falls ,7.278715014,8.355514765,71539.69684,76234.7803,70712.71002,82572.1246,77885.59098,7.663082,8.45,7.351972,6.941915,11.7531004
651,39.80875482,-86.14531263,Indianapolis ,11.99781275,12.03193426,1086019.564,10638520.49,10325852.52,11060378.1,9747960.217,18.70204,14.45,12.17674,12.7333,5.990009785
56,33.75402359,-116.3708061,Indio-Cathedral City-Palm Springs ,19.45300102,20.42760038,350694.5893,526839.9373,478277.8972,645711.0211,612989.7926,12.062556,12.25924,11.04146,13.02065,7.199679852
517,41.66206945,-91.54405182,Iowa ,10.25229144,10.46697307,71884.52148,217140.8191,188525.8294,198674.5377,181475.4824,16.79222,13.06876,11.2689,12.64715,6.414490223
595,30.30682272,-81.64771776,Jacksonville,20.93350887,21.30102015,399012.6391,3054454.717,2636567.155,2554092.518,2287545.494,17.177,11.95464,9.509432,8.93149,13.30799961
643,42.68997388,-89.00714695,Janesville ,8.144731522,8.306447506,56600.6729,101258.9659,90704.72068,97153.81167,90662.51186,16.09538,11.80862,10.414296,11.289,6.079510212
635,41.55602002,-88.15358341,Joliet ,9.755240202,9.971983194,260688.233,1184706.833,1213056.852,1516467.58,1434475.611,18.56408,13.77206,12.16452,12.88305,4.433060169
718,42.26263427,-85.58706421,Kalamazoo ,10.30520773,10.34123826,111051.807,580882.3562,497267.2656,470397.7948,428910.8292,16.24352,13.08252,10.7144,11.1988,7.193240166
636,41.14202536,-87.86677615,Kankakee ,10.48020673,10.59898186,59890.94367,233767.335,202117.8201,206146.8601,189945.2287,19.58978,13.58694,11.85902,12.8463,5.077340126
411,39.04474577,-94.60456837,Kansas City ,13.13243341,13.43281627,1129297.081,10969156.01,10662255.98,11091909.98,9759863.326,13.9525,10.539414,9.119964,10.04349,28.08580017
567,34.03615062,-84.59922227,Kennesaw ,15.99327612,16.27233601,79073.00134,261476.3752,240919.3183,365749.696,333857.172,20.85106,13.67022,10.95342,10.4741,18.74349976
182,46.21405863,-119.1575679,Kennewick ,11.9439435,12.62342,126972.0431,380099.5003,579043.9854,701771.4599,477150.7258,9.324264,8.722686,7.509256,9.224695,5.451089859
674,42.58178106,-87.85919926,Kenosha ,8.813619614,8.904228568,111795.6334,2870782.448,4545964.153,5711750.846,4643337.432,17.53786,12.91264,11.87116,12.0658,6.33618021
289,31.1005196,-97.72207064,Killeen ,19.31226158,20.13298273,167100.6445,273791.1919,236127.3579,250738.1318,231790.9804,13.73338,8.787298,6.923076,7.560895,15.66460037
331,29.99430994,-95.17595029,Kingwood ,20.69648314,21.19856071,55817.28583,46567.66583,45073.06524,61611.67831,55941.30699,17.37962,11.90966,9.048266,9.84485,36.46030045
332,30.06514517,-95.21000442,Kingwood ,20.24745798,20.7137661,59555.03728,112516.8558,109569.3629,134328.5711,122151.9082,17.85612,12.23954,9.341534,10.172165,36.46030045
640,35.98656096,-83.93195631,Knoxville ,14.14712119,14.48029709,87802.3215,464496.79,404216.4986,379529.6597,352169.5594,18.02746,13.73392,11.24044,10.23115,22.78219986
607,43.79975904,-91.22761474,La Crosse ,8.170920849,8.498544216,61159.38571,147964.7121,128607.9486,124158.1954,114843.975,15.50918,12.77006,10.62266,11.0748,5.779220104
386,30.19901336,-92.02818627,Lafayette ,20.10784912,20.76537371,97041.3425,360528.1123,305368.7448,326617.0511,296071.5075,18.03242,13.60934,10.58968,11.2056,21.68639946
650,40.41600971,-86.87692205,Lafayette ,11.60268617,11.39722514,116137.3437,268651.4502,209757.8917,215633.7096,190704.3393,20.60712,15.10316,13.07832,14.362,9.66285038
366,30.20066241,-93.21274836,Lake Charles ,20.0379405,20.69899321,65139.63467,1661197.471,1907336.9,2308757.04,1071699.544,17.7959,12.86264,9.864182,11.2018,14.96590042
72,34.48909807,-114.3106836,Lake Havasu ,20.8662858,22.10453367,50238.33076,24791.29542,23704.78227,31600.59904,30696.77731,12.327456,12.50358,11.18238,13.5102,7.180140018
534,28.02654586,-81.94631139,Lakeland ,22.87148762,23.27126312,96592.23384,549002.1824,448846.2894,441453.9526,376732.6638,18.65882,12.7706,9.803514,10.13577,8.537870407
590,30.16993569,-81.74221708,Lakeside ,20.93350887,21.30102015,59068.53412,237774.8912,201991.5419,231443.9479,208225.2896,17.5684,12.09298,9.681858,9.138285,13.83339977
947,40.08927071,-74.22391282,Lakewood ,12.46304631,12.76931119,66231.5336,101557.6764,89420.20478,113150.1348,102022.07,16.05212,12.82538,9.791822,9.71129,6.091619968
895,40.05279955,-76.30428985,Lancaster ,11.45287275,11.4001987,116932.4683,575292.9968,499414.8276,517667.6415,463632.0515,18.3159,14.47896,11.43224,11.9067,6.847579956
32,34.58484845,-118.1317197,Lancaster-Palmdale ,14.3274951,15.09001136,277181.2072,451949.4286,491137.8974,583954.4821,518217.5602,11.730032,10.715454,9.221472,10.9893,6.145999908
749,42.71770037,-84.54630774,Lansing ,8.978127599,9.144301772,184746.373,1519876.292,1513644.247,1476624.693,1115006.009,16.1193,12.72792,10.371536,10.902905,6.999959946
147,32.31146516,-106.7696567,Las Cruces ,15.27080441,16.49904346,64074.67851,107978.622,96197.47362,112813.6617,104523.6209,9.881756,9.039928,8.15978,8.856185,13.01970005
74,36.14443328,-115.1590734,Las Vegas ,17.36658621,18.81853867,2029109.785,8782883.734,8016613.482,12514573.87,10063187.87,7.81864,8.36398,7.028858,8.060525,9.283410072
408,38.95824994,-95.26496625,Lawrence ,13.97173858,14.23693752,76221.15569,279433.8586,241783.5875,270770.4402,244384.9055,13.67904,10.392178,9.201532,9.84015,27.42620087
1029,42.70927284,-71.16361152,Lawrence ,9.376731157,9.908699036,115992.3834,474473.4175,409220.4341,417792.074,368116.9036,12.6141,10.737588,8.88518,9.286785,4.048449993
328,34.61415558,-98.4360741,Lawton ,16.77467203,17.70864916,59595.52248,7287.968776,7015.122138,7977.411502,8020.1093,14.1133,11.27533,9.7131,10.089345,18.75589943
859,39.10104517,-77.53277101,Leesburg ,13.26183534,13.3135097,60163.44858,31586.16115,34026.89984,53016.6623,49642.34216,17.19486,13.8092,10.7182,10.56733,6.031939983
1015,42.54757015,-71.77157912,Leominster ,8.491696119,8.95720911,67225.67252,275078.1091,239951.2686,233192.8957,214668.523,12.99704,10.9634,8.778584,9.475565,5.059000015
665,38.02135026,-84.49377673,Lexington,13.09833097,13.32968616,274818.889,1134917.266,991452.1068,1077477.014,971318.0472,16.42368,12.15664,9.753852,9.367155,33.91889954
409,40.80322535,-96.67218054,Lincoln ,11.03453803,11.40356755,237604.9881,1158576.481,1001557.023,1097872.126,978177.5938,13.19232,10.423658,9.464926,10.4534,11.73649979
407,34.76081877,-92.29771158,Little Rock ,17.16899204,17.55935574,141633.9817,1046744.36,956100.1435,867717.5583,775303.9365,17.22182,12.27882,10.343378,11.3077,26.20359993
22,37.68840859,-121.7539797,Livermore ,13.94401574,15.12280512,73006.67113,133064.0296,118776.8287,148771.7672,132401.7869,12.285852,9.68652,9.431796,10.778955,3.800590038
42,38.12799478,-121.2812501,Lodi ,16.36444759,17.58591318,68280.70651,104811.801,92935.77449,97174.31852,87519.53274,14.98752,11.22706,10.83991,12.96905,9.537779808
284,40.17027699,-105.1125325,Longmont ,7.581793785,8.074903607,81494.56818,103764.0923,91340.63879,117105.2813,104242.4408,9.94489,8.99576,8.168166,8.37067,12.48680019
364,32.51520838,-94.76311932,Longview ,18.02501535,18.53132534,67199.03984,159037.6886,139722.7742,144206.0742,137735.0478,14.43064,10.619054,8.270842,8.99234,15.7791996
784,41.44589553,-82.17726646,Lorain ,10.14153934,10.23099685,64437.53615,450431.2744,406971.4758,369908.6518,286120.7699,22.06426,17.9124,14.56864,14.85565,9.483860016
14,33.95381355,-117.9539253,Los Angeles,16.86275053,17.60802174,14281719.8,161849832.2,142413298.3,140145811.4,112698520.4,19.35878,16.507,14.6612,16.4171,4.282859802
624,38.22451115,-85.69906478,Louisville ,13.91126442,14.05084062,750695.1643,9797368.711,11016360.46,12092911.14,7806175.499,18.41504,14.07794,11.65024,11.37785,25.57579994
292,40.41008711,-105.0846459,Loveland ,7.581793785,8.074903607,64752.37323,66247.21342,62181.07698,81123.26724,76551.25899,8.881494,8.1498,7.455372,7.614055,10.92959976
1025,42.63918405,-71.31914135,Lowell ,9.376731157,9.908699036,109085.704,621714.7887,529475.0777,525416.0264,442369.6972,13.22524,11.21712,9.278022,9.692035,4.473420143
247,33.55313129,-101.8956147,Lubbock ,15.66523099,16.68215704,206987.615,1200277.528,1042329.295,1046342.412,954943.4986,7.981408,6.478616,5.471234,5.813725,9.009750366
44,36.96005066,-120.0665228,Madera ,16.73636484,17.82210588,64706.53668,75882.5656,68070.01588,95166.97221,87102.36262,19.42514,13.92384,13.01886,16.7176,10.47669983
637,43.07246513,-89.40886372,Madison ,7.845272779,7.996521831,274981.5456,1673457.382,1517795.406,1525193.795,1330009.592,15.0561,11.34501,9.935864,10.64205,5.356130123
382,37.70356033,-97.45223834,Maize ,14.24783826,14.66271544,59347.93365,292240.7111,157073.4616,162851.9974,117436.0753,12.82734,10.255636,8.908942,9.29885,11.04090023
852,38.76747066,-77.48742126,Manassas ,14.64114547,14.69545531,108080.8897,231591.8436,203957.1203,267758.3856,239784.712,17.21536,14.21046,10.690444,10.57224,6.031939983
1028,42.97478202,-71.45238834,Manchester ,9.376731157,9.908699036,86270.19328,495405.7788,442383.645,464747.4594,418123.3052,12.8054,11.0055,9.16299,9.832985,5.46848011
33,37.79991498,-121.2197198,Manteca ,15.7457211,17.04826498,61668.58715,57334.27409,52579.95789,61348.4241,58386.63037,15.79494,12.16158,11.81635,13.8141,11.42660046
239,26.21684268,-98.23832951,McAllen ,23.65003347,23.66337824,262087.8916,800846.1654,1681044.648,1851733.969,1671620.671,14.5322,9.879772,8.487076,9.374725,6.173130035
69,42.33705819,-122.8681372,Medford ,9.887402773,11.03830957,91010.15165,271737.8903,243179.6614,317808.8172,280276.542,7.28537,6.973074,7.13152,7.374355,8.898209572
443,35.08824019,-89.90631547,Memphis ,16.53145075,16.69794965,468149.0271,6154383.486,6591855.478,6911020.252,5546712.835,17.18102,12.33282,10.362976,10.97785,17.65940094
39,37.31016576,-120.4772476,Merced ,16.89811039,18.06275463,80014.16248,72009.01028,62459.08753,65692.49827,59739.39932,20.56336,15.36606,14.45006,18.8475,10.75739956
601,28.35058008,-80.72098237,Merritt Island ,23.05568218,23.51010466,67398.35466,331974.7136,243848.0669,239755.8381,245971.3553,15.27726,10.332852,8.291308,7.991045,19.64620018
556,26.17958738,-80.2108039,Miami ,24.69581079,25.10877228,5406570.288,48030898.04,38694484.36,42325304.19,36734236.44,11.560144,8.569354,6.611058,6.806995,12.73760033
235,32.00658236,-102.1149142,Midland ,17.81265831,18.87740421,93477.85139,105132.4807,93552.13594,100450.6461,118963.0266,9.13695,6.7832,5.87855,6.201125,14.4034996
675,43.03168731,-88.0110039,Milwaukee ,8.264240861,8.331288576,1101829.808,12783282.34,11042007.97,10216023.86,8473098.724,15.96854,11.73584,10.592492,11.08545,5.326300144
554,44.99994671,-93.2301204,Minneapolis,7.756552696,8.145532727,1733144.752,22368119.06,19309590.57,21111763.96,14874307.36,13.5509,11.309916,9.459566,10.163495,6.776239872
423,30.69237653,-88.0936849,Mobile ,19.99606323,20.3120265,118578.6789,975305.7767,892904.7196,874731.4134,707524.2738,17.44976,13.17894,10.322632,10.41785,9.628219604
35,37.65057261,-120.9871322,Modesto ,16.54368782,17.77433062,297123.3391,663110.3705,524821.7512,600272.841,518501.9877,16.62856,13.05048,12.53532,15.23915,11.16409969
482,32.36013413,-86.24918667,Montgomery ,18.7232604,18.80465984,143898.0402,1169437.696,992769.4697,965123.3069,870672.1456,19.5089,14.81048,11.40764,11.3375,14.78829956
45,33.92725586,-117.2411723,Moreno Valley ,17.23491192,18.12471008,199002.5924,761814.2552,654945.944,719791.9826,623381.1147,15.12128,13.7583,12.08302,12.941,6.580649853
684,40.19708618,-85.3967937,Muncie ,10.59600735,10.47410226,58239.49432,78349.67084,66581.7077,61666.06628,57180.07669,17.88866,14.6531,12.15226,12.52195,6.604819775
535,35.84681315,-86.38592526,Murfreesboro ,14.93469238,15.30128336,78454.49407,122326.0819,110006.7967,143378.6293,134083.1498,18.74768,13.63324,11.07514,10.44165,29.35160065
166,43.57493409,-116.5663472,Nampa ,11.150141,12.25214934,82255.54019,141253.3336,127941.1289,196314.2469,180646.4484,9.217496,9.504774,8.422036,9.21689,6.715060234
25,38.3087824,-122.3012615,Napa ,14.24008513,15.37228203,74611.72537,46176.54422,40374.09656,43522.07978,40025.85643,12.268596,9.695066,9.714598,10.23819,4.629179955
1024,42.75541982,-71.47753248,Nashua ,9.376731157,9.908699036,59869.81174,305530.4619,264693.1707,282152.6423,256072.6472,12.81914,10.9488,9.133392,9.59195,5.46848011
530,36.12835685,-86.75899469,Nashville,15.27210641,15.61721778,273128.9597,2208230.309,2005178.502,1934184.519,1707512.693,19.15442,13.77094,11.20538,10.738,26.82329941
1020,41.63734754,-70.91985432,New Bedford ,10.78704715,11.36839271,116239.3496,970662.8904,826623.1933,724030.3628,614636.777,12.88016,10.773232,8.421938,8.737585,7.766990185
400,29.96009972,-90.10226475,New Orleans ,20.68001986,21.23933458,680993.5612,13545187.91,9712104.045,8580962.956,6276583.718,14.03922,10.062586,8.08972,8.0354,11.24289989
945,40.77321423,-73.88090455,New York,12.63459301,13.03097224,15950674.29,191163993.2,164254990,162885973.3,141148793.4,16.08942,12.9189,10.247822,10.5604,7.389339924
850,37.06300771,-76.43003236,Newport News ,15.11277103,15.20202112,312847.9807,2158249.908,1854291.587,1932545.251,1739801.988,18.21596,13.82706,10.41906,10.152915,7.669199944
889,43.10027987,-79.05378983,Niagara Falls ,9.445302486,9.705515146,125817.6707,329483.3692,293798.4676,341562.3083,546969.6479,14.53486,12.07886,9.3925,9.972395,10.84090042
347,35.21845401,-97.4586917,Norman ,16.29893112,17.08189726,86091.09048,492581.3783,438530.1658,693877.3007,1208387.177,14.13544,11.23617,9.515076,9.986725,15.62839985
970,41.10655866,-73.40449145,Norwalk ,10.86513996,11.40249133,80617.93338,267284.8746,222190.129,228722.9662,210271.6763,16.16386,13.22558,10.381724,11.27195,7.642109871
233,31.86669163,-102.3673051,Odessa ,17.9128747,19.17475653,89148.42052,396165.3302,335802.7694,309374.6853,282245.2078,9.948342,7.30894,6.39202,6.457075,15.46930027
206,41.08220156,-111.9861533,Ogden-Layton ,6.994781852,7.90025115,341641.6931,1131116.691,985468.3466,1269759.787,1147662.1,9.466604,10.300534,8.887832,8.64122,10.91250038
349,35.46309323,-97.52442303,Oklahoma City ,16.23154378,17.07453918,616999.469,5303261.104,4365068.168,4339812.395,3991250.397,12.92282,10.365186,8.787696,9.286485,14.36050034
133,47.02815322,-122.8640327,Olympia ,10.8042028,11.60760069,97711.90056,281701.3261,249155.6877,306168.5592,281806.2483,7.318634,6.401306,6.301308,6.627995,6.653880119
417,41.2406688,-96.0581449,Omaha ,10.44024467,10.77462792,565017.682,4293888.839,3744450.808,3868226.031,3324125.378,13.3943,11.12908,9.764936,11.4918,18.27729988
568,28.53910259,-81.37360347,Orlando ,22.5880785,23.00020027,1290483.024,8711035.193,7736316.068,9202664.842,8118465.919,16.67408,11.349942,9.01435,8.705165,16.41869926
688,44.01807092,-88.55789103,Oshkosh ,7.244609714,7.641727328,68352.66391,305944.5811,266150.2788,276762.7768,256432.0291,15.07422,11.174954,9.75166,10.23281,7.346489906
566,37.75291412,-87.11019632,Owensboro ,14.30863953,14.707587,57371.4064,138967.9514,123587.7764,124840.0245,117629.1612,19.59886,14.30268,11.9418,12.0737,18.51510048
8,34.2174855,-119.2091316,Oxnard ,16.23272729,17.05357695,297806.3934,1020411.851,791923.3653,848978.1884,729771.3201,19.68142,16.9598,15.25618,17.0109,0
594,28.12594571,-80.63085595,Palm Bay-Melbourne ,23.05568218,23.51010466,296689.9364,1525325.537,1127900.583,1234533.609,1106401.624,11.770226,8.207492,6.50706,6.432855,15.65289974
605,29.58187537,-81.18128165,Palm Coast ,21.7599802,22.05519867,79468.3693,73215.64745,76795.59756,113632.8329,109945.4962,17.40584,11.448748,8.993396,8.47314,25.46710014
469,30.18071455,-85.81235425,Panama ,20.38618946,20.4733901,56787.23059,97358.40396,88296.80261,107588.4563,112379.88,17.24206,12.73558,10.141022,10.199445,0
953,40.8933993,-74.53582838,Parsippany-Tro ,10.67375731,11.04726624,55077.23728,158283.3076,140001.5052,160357.4547,144203.1579,14.91668,11.87056,9.209104,9.861295,8.104789734
436,30.43935193,-87.229301,Pensacola ,20.23448277,20.61421919,196818.9244,1650903.901,1762611.281,1827057.885,1398791.602,15.82438,11.71346,9.124224,9.295855,10.42599964
550,40.71483657,-89.60797997,Peoria ,10.92612934,11.0293982,117438.3463,553578.6312,491207.3929,490661.5777,488116.2925,18.19648,12.7643,11.336968,11.8434,10.41689968
41,33.81242342,-117.212892,Perris ,17.23491192,18.12471008,63293.69495,43146.39467,39600.61934,56686.16223,52143.88038,11.356138,9.80756,8.237246,9.068875,6.580649853
15,38.24622195,-122.6323799,Petaluma ,14.27060604,15.28851104,55779.49152,119757.8181,104337.9738,124761.8592,113801.8435,10.008758,8.53746,8.72416,8.73019,2.440020084
898,39.90704662,-75.23605793,Philadelphia ,13.07065392,13.26634693,3132223.299,44012215.22,40162477.49,38149363.28,30995621.77,18.2515,14.50728,11.3829,10.9822,6.301380157
79,33.47756006,-112.0005369,Phoenix,21.43992901,22.37896347,3611577.485,24505816.58,21429666.54,27011328.04,24849721.91,14.4523,12.51454,11.38296,12.28,8.300450325
819,40.41596736,-79.97203034,Pittsburgh ,11.16158843,11.11226916,709250.094,9736551.044,8211127.07,6869877.207,5732349.779,17.80098,14.4914,11.36102,11.7346,10.23480034
344,29.93288725,-93.95506844,Port Arthur ,20.58900738,21.21115732,96158.16905,3743917.247,3731635.967,3881132.133,2700049.391,16.79894,12.23258,9.327358,10.218515,24.71150017
596,27.2046362,-80.24041523,Port St. Lucie ,23.91843414,24.32071161,100039.5412,232161.4244,210896.1419,268791.661,252038.6344,12.79084,9.522856,7.250944,7.215895,12.84130001
591,27.2789459,-80.3656072,Port St. Lucie ,23.91843414,24.32071161,114380.1249,178739.4438,169060.3805,242009.0453,225591.1522,14.66086,10.966714,8.424642,8.229405,11.86559963
51,36.07003664,-119.0345988,Porterville ,17.68333769,18.45828629,57080.85864,70297.81729,59974.11881,73681.52234,67461.67548,19.72246,16.34246,15.2652,18.18185,5.972239971
101,45.53094903,-122.6657332,Portland ,10.99738264,11.73069286,1655686.139,12274354.2,10810192.86,12758363.19,11388977.34,7.84354,6.842972,6.734528,6.860845,5.615839958
1009,41.78361702,-71.40117983,Providence ,10.71586561,11.26427174,591000.8176,6031933.956,5209475.928,5232513.616,6657670.168,13.11388,11.02714,8.74161,9.332485,5.517809868
192,40.31560935,-111.7210065,Provo-Orem ,8.925752163,9.965675116,308567.99,945204.1837,809333.1058,914451.0866,800108.0127,10.478414,11.55516,10.042966,9.687195,9.912870407
257,38.26208545,-104.6197,Pueblo ,11.09018517,11.93449473,100512.2814,413536.2088,353703.4901,339167.0214,583007.6067,11.34296,10.007252,8.896262,8.939595,13.20129967
677,42.7279975,-87.82199761,Racine ,8.813619614,8.904228568,119893.9086,532135.7957,487233.3425,500164.9515,447364.5364,17.47508,12.77414,11.60968,11.78095,6.33618021
911,40.10071787,-75.34537593,Radnor ,11.92919779,12.00590181,91964.11656,594862.9215,522832.1222,515187.6598,438766.1686,18.45754,14.81338,11.5973,11.3998,7.76060009
775,35.8341106,-78.64480454,Raleigh ,15.82902646,16.0485177,278581.7325,1237923.93,1105134.462,1240866.624,1122573.887,17.97354,13.2217,10.308074,9.139125,7.074779987
900,40.34425546,-75.94018555,Reading ,11.17768979,11.23286533,188491.8857,1516329.004,1376932.383,1362328.394,1144736.053,17.92816,14.38492,11.36376,11.40255,7.014669895
67,39.51338106,-119.791722,Reno ,8.98013854,10.060992,235606.7919,983377.6924,882136.1942,1107778.765,1007454.623,9.065072,8.936134,8.681892,9.036385,7.75440979
828,37.56452379,-77.4744881,Richmond ,14.45963526,14.68632388,244212.0311,1953967.725,1675965.46,1545717.423,1316111.341,16.79554,13.13,9.678572,10.192395,7.989620209
762,37.28759881,-79.96762863,Roanoke ,14.13187265,14.39595938,88556.89931,525270.0594,455418.064,426317.0921,387541.9465,15.63744,13.02604,10.193684,9.112195,7.109469891
564,44.03841773,-92.48765596,Rochester ,7.495914459,7.825223923,75427.49224,228034.5896,200162.9781,212845.2669,194537.586,15.15312,12.1826,10.02342,10.87145,6.625450134
628,42.28550884,-89.04326181,Rockford ,8.895091534,9.020105362,201697.8816,1593446.2,1364353.62,1269331.307,1104279.929,16.94244,12.4269,11.17688,12.06985,6.079510212
402,36.3371122,-94.15663525,Rogers ,14.87956548,15.47655344,56460.08328,98378.82982,94589.62898,143145.5291,132632.3663,15.38802,11.81008,9.746622,10.40985,23.39900017
577,34.05288817,-84.25600761,Roswell ,15.88570619,16.03670192,179837.6951,419233.0328,400842.3734,863743.3387,779477.0581,19.61118,13.12512,10.623878,10.22895,18.74349976
662,42.37504739,-87.95014909,Round Lake Beach-McHenry-Grayslake ,9.699790001,9.761179447,332402.8625,3734630.322,4947749.674,6209643.465,1595458.964,17.37686,12.7726,11.62582,11.6929,6.33618021
49,38.60280713,-121.3875759,Sacramento ,15.8921752,17.10165453,1528104.298,10809208.45,9355332.03,10255598.06,9163732.279,14.34608,11.28912,10.927966,12.9805,6.958010197
781,43.43491681,-83.96580153,Saginaw ,8.804896832,8.921533942,88296.17413,818868.4694,701169.5858,586921.9708,537420.2491,15.45632,12.33596,10.296146,10.759085,8.21432972
90,44.93936208,-123.0197286,Salem ,11.10974503,11.88267827,200973.4399,736256.9759,625698.1846,732382.8919,685647.0935,7.026706,6.311874,6.332688,6.14041,5.622310162
7,36.68899056,-121.6408306,Salinas ,14.01368928,15.27411008,149784.336,373092.7106,325072.6909,455840.9689,386767.9333,13.24922,11.20696,11.050886,12.3763,11.39150047
193,40.64504711,-111.9172804,Salt Lake City ,7.054017305,8.083596945,972714.6253,8135847.404,7089486.702,7836212.373,6565933.131,10.079438,11.00016,9.559812,9.37796,10.93640041
248,31.4474624,-100.4627559,San Angelo ,18.29314852,19.3320241,57491.16589,329903.6263,283075.1901,264723.5432,240725.2281,14.21084,9.519754,9.209904,9.451235,16.01490021
250,29.49173859,-98.5206364,San Antonio ,21.39313078,22.21615744,1483926.84,11637407.57,10420016.65,11244108.07,9729035.184,14.86002,9.888844,7.945454,8.466455,10.72340012
21,32.82158244,-117.1106947,San Diego ,17.49774694,18.3498106,4437234.748,24338564.34,20151235.7,20469459.61,19049698.49,18.30812,14.95202,13.4959,14.41595,2.917210102
10,37.32711544,-121.9332989,San Francisco,14.36730981,15.53486609,4604961.31,43064128.06,38370576.09,37860900.25,30408585.7,13.9966,11.37164,11.25792,11.9947,3.800590038
13,37.96859272,-122.5273755,San Rafael ,13.74388289,14.88496685,105705.565,565603.0321,482750.411,498641.0342,448337.2767,11.12748,8.84332,9.10172,9.3035,2.440020084
85,33.16392534,-111.5647004,San Tan Valley ,21.66773701,22.64577246,58384.79269,7315.433395,8216.483275,9963.241388,10376.10293,11.22382,9.645004,8.649804,9.00147,7.864920139
580,28.7930307,-81.30157244,Sanford ,22.5880785,23.00020027,71477.23981,629029.5219,573130.8451,988366.4733,1117451.538,17.55468,11.9562,9.412076,8.981435,22.78890038
5,34.42766353,-119.7436927,Santa Barbara ,14.54504657,15.37690687,114753.1502,142173.4932,124967.7765,128973.2971,119515.4752,16.6003,14.67398,13.21208,13.8037,4.255020142
24,34.42012237,-118.5319524,Santa Clarita ,15.5053575,16.24344993,199622.2104,369826.6849,326179.7894,421973.647,397814.9841,15.57032,14.0032,12.15088,13.43175,4.567830086
6,36.97127374,-121.9786845,Santa Cruz ,14.01368928,15.27411008,101498.1456,135414.6999,124246.0143,132161.8412,116435.0878,13.89952,11.13396,11.066058,11.86825,1.51970005
3,34.92312304,-120.4343724,Santa Maria ,13.84248376,14.71819115,123181.2848,242750.5665,210752.6427,254635.6869,230724.4069,11.854868,10.61908,9.872372,11.6309,2.791739941
17,38.44448407,-122.7137258,Santa Rosa ,14.27060604,15.28851104,165225.2385,630817.7598,545899.991,695257.3458,590534.4923,10.411838,8.721134,8.965312,8.576595,4.629179955
500,27.29726911,-82.49541578,Sarasota-Bradenton ,23.33696222,23.77506542,606534.1841,2428823.518,2119855.957,2371572.783,2164134.857,15.56358,11.324792,8.498208,8.59582,10.57120037
656,32.0552794,-81.11909061,Savannah ,19.58124447,19.81354141,139465.4384,522119.709,485596.7871,476487.2648,418846.7283,19.15588,13.51858,10.748794,10.413605,13.19960022
981,42.79651219,-73.93488862,Schenectady ,9.334177256,9.621221304,91064.14059,302402.0284,258607.2155,236097.7515,211210.2985,12.38934,10.661452,8.72441,8.875675,6.720920086
929,41.41811815,-75.65439479,Scranton ,9.503879309,9.646534204,86408.48608,574974.895,491435.5157,418149.5315,378554.4678,14.6347,12.2006,9.79323,10.150685,7.853680134
4,36.60771997,-121.8823776,Seaside ,14.01368928,15.27411008,67772.28886,74898.13999,65357.20095,65087.48613,60530.23323,12.87748,9.863294,10.115544,10.93275,0
140,47.49542197,-122.2998149,Seattle ,11.55879116,12.36023092,2678205.033,21770599.29,18774200.96,20169171.72,17160056.09,7.832544,6.758008,6.56972,7.273785,6.580860138
379,32.48342723,-93.73367124,Shreveport ,18.9426198,19.27537298,173970.0302,1764448.553,1567977.377,1513861.731,1294738.06,15.21448,11.7395,9.171078,9.699825,20.94050026
16,34.27227869,-118.740073,Simi Valley ,15.5053575,16.24344993,109579.4602,389690.4611,334292.2074,336780.1419,304062.7231,17.38848,15.18466,13.3338,15.78465,4.567830086
432,42.48789586,-96.38924836,Sioux ,9.900043488,9.754701853,77978.80623,395670.4007,764602.9307,915274.5817,556494.7796,13.09932,11.61312,9.97148,11.9769,6.362689972
449,43.53083636,-96.74012471,Sioux Falls ,7.950929403,8.029265165,131671.841,572725.0235,505763.5962,527772.813,477091.4364,12.21518,10.598954,8.743324,10.40802,5.614719868
693,41.67990356,-86.22351224,South Bend ,10.40382648,10.3733778,169921.2673,1248103.232,1066111.085,1004451.187,899840.2359,17.81932,14.499,11.68398,12.0991,5.644800186
874,39.11546222,-76.83295579,South Laurel ,13.35398746,13.17422318,74061.99672,274798.6761,284424.9817,327313.4102,275528.2211,18.89978,14.81978,11.43176,11.2861,5.990019798
241,47.6722562,-117.3512222,Spokane ,8.457903862,9.256306648,265825.0586,1323924.227,1142726.399,1225370.674,1098821.128,9.782868,9.572372,8.367268,10.80395,4.907350063
519,28.48078744,-82.55854863,Spring Hill ,22.7330966,23.21030903,66255.54077,125167.7881,112037.6735,148745.775,136823.236,17.9213,12.30582,9.29628,9.57303,10.64150047
1004,42.14635469,-72.56855492,Springfield,9.539937496,9.893814564,252946.3824,2157176.003,1878593.705,1857428.668,1521256.43,13.62098,11.5194,9.433866,10.236,6.136400223
525,39.78679009,-89.65369861,Springfield ,11.97083402,12.48464513,109679.316,570097.3271,522384.3157,510987.8375,476234.0614,18.51994,11.92594,10.942898,11.5477,12.23810005
413,37.18916025,-93.28521954,"Springfield, Missouri ",13.81980753,14.42062616,138119.6675,746324.8947,907425.5274,1085445.917,394679.4215,13.98358,10.63556,8.66582,9.448655,22.05949974
483,38.77731247,-90.61186061,St. Charles ,13.5094142,13.77023435,237694.5714,834613.2769,737969.5168,967126.3649,874318.9183,17.29806,11.88886,10.120058,11.3387,17.70470047
644,41.88154006,-88.31066266,St. Charles ,9.755240202,9.971983194,82826.90169,160867.9598,151032.2592,209855.2149,188534.186,17.8356,12.8403,11.69894,12.24955,5.736989975
551,45.57515721,-94.1946607,St. Cloud ,6.05296576,6.493273497,85328.00621,245034.6817,212456.0614,213260.6843,187394.9195,12.52574,10.76703,8.766362,10.157955,6.604690075
98,37.11295658,-113.5936844,St. George ,11.34383178,12.776438,63363.72119,28577.68792,28053.54956,43016.98392,41064.55802,6.898324,7.205742,6.226388,6.57016,12.31499958
487,38.64866335,-90.29516847,St. Louis ,14.04787922,14.31618166,1100883.938,14164697.03,12318261.59,10811407.33,9100807.897,17.64392,12.1899,10.355296,11.6142,27.7961998
878,40.79840353,-77.87303276,State College ,9.964262962,10.03501463,55234.85016,34696.84781,30719.01101,33281.8812,30465.86787,15.3782,12.1316,9.745504,9.712065,10.96889973
858,39.03309098,-77.49312181,Sterling ,13.20831347,13.13925672,76894.89133,50313.13245,57346.4006,99488.06922,92823.69602,17.58334,14.2386,10.800674,10.66147,6.031939983
34,37.97378272,-121.2952444,Stockton ,15.7457211,17.04826498,365617.9699,1726878.948,1598270.634,1726653.584,1325509.404,14.99624,11.57092,11.131124,13.20855,9.537779808
145,31.84208675,-106.5494939,Sunland Park ,17.23944712,18.52583599,94358.2128,321588.2736,281875.337,374362.7966,337969.937,10.054662,9.28575,7.948384,8.938775,11.90060043
950,43.08028076,-76.15442227,Syracuse ,9.134649277,9.680646896,253820.4312,2996172.662,2615437.402,2392968.642,1849389.398,13.1312,10.864756,8.918928,9.001345,8.986769676
493,30.44089044,-84.29721635,Tallahassee ,20.31932878,20.80668497,70101.07556,265695.7832,232461.6555,309521.1328,344201.5211,17.93778,12.63238,9.731308,9.91051,9.015910149
501,27.80797724,-82.70346723,Tampa,23.04238939,23.50172043,1996766.554,16848633.43,14539981.79,16566940.1,19675910.54,18.09332,12.25302,9.243166,9.400435,9.286230087
37,33.53338129,-117.1527164,Temecula-Murrieta ,17.23491192,18.12471008,231017.5027,230040.2053,224020.78,399573.7903,367175.6972,14.26344,12.40574,10.81154,11.5745,3.306469917
12,34.18196155,-118.8641047,Thousand Oaks ,15.5053575,16.24344993,146356.3494,383428.7084,338474.1885,395478.957,382221.8998,17.62718,14.98262,13.11822,15.62365,0
754,41.67408047,-83.548263,Toledo ,10.1761651,10.04414821,248621.181,4988152.632,4589115.94,4363075.354,3262067.092,20.2326,15.94882,13.46556,14.33245,8.97317028
942,39.96415945,-74.16319425,Toms River ,12.59238482,12.99253011,139792.4027,732129.8102,621513.814,670317.7215,580527.3576,16.36232,12.84068,9.791824,9.77916,6.091619968
405,39.03107994,-95.70518194,Topeka ,13.09643006,13.21520185,94598.08414,452064.7976,400780.0037,398687.0219,372250.4744,14.15682,10.90632,9.634938,10.052935,27.42620087
28,37.73007868,-121.4314133,Tracy ,15.7457211,17.04826498,91449.60626,253663.9344,293226.588,482303.7699,382838.9926,15.29302,11.9267,11.571642,13.5235,9.207719803
933,40.22577813,-74.73161462,Trenton ,12.15541935,12.50093627,202239.5181,1642202.149,1480683.596,1440757.097,1393701.581,17.7085,14.16778,11.18028,11.0464,5.486879826
992,42.74942926,-73.6938256,Troy ,9.334177256,9.621221304,76268.87146,343167.602,293825.6833,254103.8025,224786.0376,12.41974,10.769096,8.78067,9.28227,6.559410095
84,32.24353876,-110.9313916,Tucson ,18.68526888,19.76563072,588176.3438,4462234.108,3628524.369,3729495.462,3108350.987,11.79462,11.189,10.239044,10.43015,8.454350471
385,36.09653097,-95.90641721,Tulsa ,16.02897048,16.68291688,442252.6908,4203831.407,3743532.117,4017962.182,3550282.69,14.9261,11.94778,10.120392,10.4364,12.24040031
36,37.50609806,-120.8528115,Turlock ,16.54368782,17.77433062,67104.15872,73722.15656,60576.21691,71028.42879,63233.49437,16.20032,12.63262,12.0796,14.9628,11.16409969
471,33.19956413,-87.55356694,Tuscaloosa ,17.75007343,17.96347189,57182.06445,135732.4251,118698.5152,120089.8884,112109.4354,20.32126,15.1137,11.66942,11.4865,14.61019993
964,43.09479796,-75.25198872,Utica ,7.036458611,7.686012149,57208.4709,157653.6015,135018.4166,115973.4229,106062.3391,12.96258,10.771846,8.913726,8.93451,8.29693985
30,38.34685897,-121.9694469,Vacaville ,15.84672594,16.96158934,76952.19238,187740.0085,162588.6218,195856.1588,175837.589,13.54484,10.6364,10.446202,12.00745,4.986030102
54,34.47192121,-117.3479744,Victorville ,13.97738051,14.81475878,65263.50793,129301.9827,116282.5234,167648.9608,153145.7654,10.67464,10.393722,9.159874,11.0788,7.575520039
847,36.84947257,-76.22371144,Virginia Beach ,15.90943766,16.09788299,832250.0823,8359050.328,8276028.375,8458426.118,6721574.172,17.55418,13.06454,9.964072,9.49669,8.035260201
48,36.32739672,-119.3271873,Visalia ,17.68333769,18.45828629,117576.3356,221291.7397,192970.2136,222464.2267,204926.1567,20.92724,15.95514,14.439,18.65735,8.047430038
309,31.53420835,-97.16518207,Waco ,19.17864704,19.96750736,101897.3555,666236.1816,610226.5808,590862.5253,505232.9456,16.5249,11.195408,8.751856,9.869145,17.63489914
855,38.9228404,-77.14196317,Washington,14.64114547,14.69545531,3368613.481,32212600.58,28657231.96,28739967.12,22866016.01,17.88728,14.33282,10.86924,10.74729,5.990019798
982,41.5604521,-73.03874947,Waterbury ,9.801427603,10.1999619,96336.38968,719512.1448,611636.8571,552144.4834,464884.636,13.17202,10.812202,8.51275,9.25968,7.146719933
513,42.49714346,-92.37340541,Waterloo ,9.010846853,9.189387918,78087.96705,193690.7377,184534.4919,197747.1242,165825.6864,16.19234,13.3248,11.17466,12.75315,7.439809799
9,36.91958872,-121.7646884,Watsonville ,14.01368928,15.27411008,54993.66046,82720.87095,70669.41948,86312.24573,77058.61682,13.89084,11.32702,11.277852,12.48155,1.51970005
903,39.97344054,-75.57687341,West Chester ,12.73072886,12.55033135,53937.08044,140702.7937,131532.2407,143915.8942,127383.6771,17.99958,14.15558,10.869578,10.569085,7.76060009
383,37.68333134,-97.30966899,Wichita ,14.24783826,14.66271544,272839.4884,2669113.143,2318216.829,2116498.797,1908429.439,12.96764,10.425016,8.977016,9.254625,11.04090023
314,33.88567874,-98.52369179,Wichita Falls ,17.54562616,18.4047122,70072.7107,183023.6652,160047.3993,169542.3922,161962.8067,14.57684,11.51456,10.012104,10.44837,19.23900032
919,41.2536415,-75.88596846,Wilkes-Barre ,9.503879309,9.646534204,70372.7636,368052.5697,334142.9653,297094.1522,264272.7312,15.32166,12.67712,10.377326,10.682625,8.282270432
920,40.17229954,-75.11248273,Willow Grove ,11.92919779,12.00590181,76170.46423,636069.098,539183.0767,495849.989,418901.0546,16.62342,13.29142,10.205306,10.008795,6.301380157
733,36.09411387,-80.26062166,Winston-Salem ,14.85567594,15.03161263,88908.1026,418196.2065,372092.0622,400790.1839,372802.3008,17.48134,13.01916,10.08695,8.947015,9.893300056
47,38.67605979,-121.7635416,Woodland ,15.95614338,17.08643341,51528.73746,75482.82936,67497.31401,81565.64159,75874.57808,13.20316,10.45989,10.273582,11.70085,4.986030102
1012,41.99878116,-71.49488354,Woonsocket ,10.71586561,11.26427174,51840.77261,125828.4799,114489.1646,165951.095,220472.7081,12.71454,10.58383,8.359088,9.04731,5.517809868
1011,42.26435452,-71.7885177,Worcester ,9.572073936,9.959961653,209662.1348,1345598.569,1177302.705,1156071.851,1027500.05,12.84108,10.621288,8.387092,9.112845,5.059000015
450,30.42103266,-86.68849029,Wright ,20.33833551,20.60382986,80731.27682,154829.5208,133984.9483,137438.0547,127079.5086,15.54632,11.65576,9.24872,9.247345,10.89340019
339,33.00839694,-96.57855787,Wylie ,18.0502224,18.77769899,94627.06473,237104.9077,214630.8269,273263.7999,240526.122,16.47414,11.60736,9.338518,10.5202,13.30850029
162,46.59105449,-120.5384475,Yakima ,9.080171824,9.776887417,86842.37561,117274.6705,101261.8265,109793.9582,101648.5485,8.902244,8.31029,7.325366,8.234755,5.33521986
887,39.96411176,-76.7212158,York ,12.20015001,12.0978756,104466.9162,443430.043,380740.5516,388874.8317,348623.9748,18.3707,14.60744,11.53952,11.77195,6.847579956
817,41.0896084,-80.6664494,Youngstown ,10.17988586,10.18829131,117697.5464,1344773.355,1302719.663,1210078.547,846268.8758,18.2767,14.97552,11.73284,11.72345,10.9321003
55,39.12929186,-121.6315123,Yuba ,16.0870285,17.20181465,58254.33893,102622.1848,89627.65808,111031.3533,100978.2523,13.6537,11.00418,10.9986,12.34845,8.143170357
60,32.69350494,-114.6386481,Yuma ,23.50281668,24.4643693,78222.81824,116669.0245,82783.57642,92424.33068,80711.15289,13.50268,13.46632,12.43734,15.49735,8.287739754
